{
  "macro": {
    "bm25_only": {
      "hit_rate": {
        "1": {
          "mean": 0.4758340134700504,
          "std": 0.1294356132275558
        },
        "3": {
          "mean": 0.713763178315787,
          "std": 0.11475446526650321
        },
        "5": {
          "mean": 0.8247987393949534,
          "std": 0.12037761270303513
        }
      },
      "mrr": {
        "mean": 0.623482655662104,
        "std": 0.11121586208772957
      },
      "n_videos": 10
    },
    "vector_only": {
      "hit_rate": {
        "1": {
          "mean": 0.5846747640336809,
          "std": 0.07769730283962875
        },
        "3": {
          "mean": 0.6609561944676537,
          "std": 0.13610324501459298
        },
        "5": {
          "mean": 0.7725565845349118,
          "std": 0.13663574808588186
        }
      },
      "mrr": {
        "mean": 0.6497744561031047,
        "std": 0.07860021795592474
      },
      "n_videos": 10
    },
    "ensemble_only": {
      "hit_rate": {
        "1": {
          "mean": 0.5864234427287784,
          "std": 0.07512895335070609
        },
        "3": {
          "mean": 0.8410672214857516,
          "std": 0.11117219968188628
        },
        "5": {
          "mean": 0.9243650928808096,
          "std": 0.08228817710144909
        }
      },
      "mrr": {
        "mean": 0.7311142619839262,
        "std": 0.07350784673250091
      },
      "n_videos": 10
    },
    "ensemble_rerank": {
      "hit_rate": {
        "1": {
          "mean": 0.6881469774050151,
          "std": 0.1083944434937366
        },
        "3": {
          "mean": 0.9147884880692381,
          "std": 0.06965239146180807
        },
        "5": {
          "mean": 0.9525215430069824,
          "std": 0.04862433730281229
        }
      },
      "mrr": {
        "mean": 0.8018321705090319,
        "std": 0.08079456154043647
      },
      "n_videos": 10
    }
  },
  "micro": {
    "bm25_only": {
      "hit_rate": {
        "1": 0.4709784411276949,
        "3": 0.7097844112769486,
        "5": 0.8225538971807629
      },
      "mrr": 0.6195571362230328,
      "n_pairs": 603
    },
    "vector_only": {
      "hit_rate": {
        "1": 0.5837479270315091,
        "3": 0.6567164179104478,
        "5": 0.7694859038142621
      },
      "mrr": 0.6481274322336041,
      "n_pairs": 603
    },
    "ensemble_only": {
      "hit_rate": {
        "1": 0.5854063018242123,
        "3": 0.8391376451077943,
        "5": 0.9237147595356551
      },
      "mrr": 0.7299986795641515,
      "n_pairs": 603
    },
    "ensemble_rerank": {
      "hit_rate": {
        "1": 0.6849087893864013,
        "3": 0.9137645107794361,
        "5": 0.9519071310116086
      },
      "mrr": 0.7997512437810946,
      "n_pairs": 603
    }
  },
  "n_videos_evaluated": 10
}