{
  "bm25_only": {
    "hit_rate": {
      "1": 0.3333333333333333,
      "3": 0.6190476190476191,
      "5": 0.8095238095238095
    },
    "mrr": 0.5244783435259626
  },
  "vector_only": {
    "hit_rate": {
      "1": 0.5238095238095238,
      "3": 0.5238095238095238,
      "5": 0.746031746031746
    },
    "mrr": 0.6054770626199197
  },
  "ensemble_only": {
    "hit_rate": {
      "1": 0.5238095238095238,
      "3": 0.8253968253968254,
      "5": 0.9841269841269841
    },
    "mrr": 0.7004409171075838
  },
  "ensemble_rerank": {
    "hit_rate": {
      "1": 0.5714285714285714,
      "3": 0.9047619047619048,
      "5": 0.9682539682539683
    },
    "mrr": 0.7478835978835979
  }
}