{
  "bm25_only": {
    "hit_rate": {
      "1": 0.6440677966101694,
      "3": 0.7796610169491526,
      "5": 0.864406779661017
    },
    "mrr": 0.7434221146085552
  },
  "vector_only": {
    "hit_rate": {
      "1": 0.6101694915254238,
      "3": 0.6101694915254238,
      "5": 0.847457627118644
    },
    "mrr": 0.6898305084745763
  },
  "ensemble_only": {
    "hit_rate": {
      "1": 0.6101694915254238,
      "3": 0.9661016949152542,
      "5": 1.0
    },
    "mrr": 0.7768361581920904
  },
  "ensemble_rerank": {
    "hit_rate": {
      "1": 0.7627118644067796,
      "3": 0.9830508474576272,
      "5": 1.0
    },
    "mrr": 0.8714689265536723
  },
  "ensemble_multiquery_rerank": {
    "hit_rate": {
      "1": 0.7627118644067796,
      "3": 0.9830508474576272,
      "5": 1.0
    },
    "mrr": 0.8714689265536723
  }
}