{
  "bm25_only": {
    "hit_rate": {
      "1": 0.3225806451612903,
      "3": 0.6129032258064516,
      "5": 0.6612903225806451
    },
    "mrr": 0.48256473883596124
  },
  "vector_only": {
    "hit_rate": {
      "1": 0.532258064516129,
      "3": 0.532258064516129,
      "5": 0.8064516129032258
    },
    "mrr": 0.6095932293512939
  },
  "ensemble_only": {
    "hit_rate": {
      "1": 0.5161290322580645,
      "3": 0.8064516129032258,
      "5": 0.9032258064516129
    },
    "mrr": 0.6928945606364961
  },
  "ensemble_rerank": {
    "hit_rate": {
      "1": 0.7096774193548387,
      "3": 0.9516129032258065,
      "5": 0.967741935483871
    },
    "mrr": 0.831989247311828
  }
}