{
  "bm25_only": {
    "hit_rate": {
      "1": 0.5645161290322581,
      "3": 0.8225806451612904,
      "5": 0.9516129032258065
    },
    "mrr": 0.7248847926267281
  },
  "vector_only": {
    "hit_rate": {
      "1": 0.6612903225806451,
      "3": 0.6612903225806451,
      "5": 0.6612903225806451
    },
    "mrr": 0.6612903225806451
  },
  "ensemble_only": {
    "hit_rate": {
      "1": 0.6612903225806451,
      "3": 0.8870967741935484,
      "5": 0.9838709677419355
    },
    "mrr": 0.7889784946236559
  },
  "ensemble_rerank": {
    "hit_rate": {
      "1": 0.6774193548387096,
      "3": 0.9516129032258065,
      "5": 0.9516129032258065
    },
    "mrr": 0.7983870967741935
  }
}