{
  "bm25_only": {
    "hit_rate": {
      "1": 0.4745762711864407,
      "3": 0.6949152542372882,
      "5": 0.7966101694915254
    },
    "mrr": 0.6133241052732578
  },
  "vector_only": {
    "hit_rate": {
      "1": 0.4576271186440678,
      "3": 0.6440677966101694,
      "5": 0.6779661016949152
    },
    "mrr": 0.5561256512403073
  },
  "ensemble_only": {
    "hit_rate": {
      "1": 0.4745762711864407,
      "3": 0.6949152542372882,
      "5": 0.8305084745762712
    },
    "mrr": 0.6255252280676009
  },
  "ensemble_rerank": {
    "hit_rate": {
      "1": 0.6610169491525424,
      "3": 0.864406779661017,
      "5": 0.9491525423728814
    },
    "mrr": 0.7709039548022599
  }
}