{
  "bm25_only": {
    "hit_rate": {
      "1": 0.7115384615384616,
      "3": 0.9423076923076923,
      "5": 1.0
    },
    "mrr": 0.8275641025641025
  },
  "vector_only": {
    "hit_rate": {
      "1": 0.6730769230769231,
      "3": 0.9423076923076923,
      "5": 0.9807692307692307
    },
    "mrr": 0.7726495726495727
  },
  "ensemble_only": {
    "hit_rate": {
      "1": 0.6730769230769231,
      "3": 0.9807692307692307,
      "5": 1.0
    },
    "mrr": 0.8243589743589743
  },
  "ensemble_rerank": {
    "hit_rate": {
      "1": 0.9038461538461539,
      "3": 1.0,
      "5": 1.0
    },
    "mrr": 0.9487179487179488
  }
}