{
  "bm25_only": {
    "hit_rate": {
      "1": 0.4,
      "3": 0.6166666666666667,
      "5": 0.6833333333333333
    },
    "mrr": 0.5515455146705147
  },
  "vector_only": {
    "hit_rate": {
      "1": 0.5333333333333333,
      "3": 0.65,
      "5": 0.6833333333333333
    },
    "mrr": 0.5974890995943627
  },
  "ensemble_only": {
    "hit_rate": {
      "1": 0.55,
      "3": 0.7333333333333333,
      "5": 0.8
    },
    "mrr": 0.6653305709635633
  },
  "ensemble_rerank": {
    "hit_rate": {
      "1": 0.55,
      "3": 0.7666666666666667,
      "5": 0.8666666666666667
    },
    "mrr": 0.6708333333333333
  }
}