{
  "bm25_only": {
    "hit_rate": {
      "1": 0.4032258064516129,
      "3": 0.5806451612903226,
      "5": 0.7096774193548387
    },
    "mrr": 0.5277613739307287
  },
  "vector_only": {
    "hit_rate": {
      "1": 0.532258064516129,
      "3": 0.532258064516129,
      "5": 0.532258064516129
    },
    "mrr": 0.5458570524984188
  },
  "ensemble_only": {
    "hit_rate": {
      "1": 0.532258064516129,
      "3": 0.6774193548387096,
      "5": 0.8064516129032258
    },
    "mrr": 0.6430413672349156
  },
  "ensemble_rerank": {
    "hit_rate": {
      "1": 0.6451612903225806,
      "3": 0.8548387096774194,
      "5": 0.8709677419354839
    },
    "mrr": 0.7505376344086021
  }
}