{
  "bm25_only": {
    "hit_rate": {
      "1": 0.4918032786885246,
      "3": 0.7704918032786885,
      "5": 0.8032786885245902
    },
    "mrr": 0.6405412337497554
  },
  "vector_only": {
    "hit_rate": {
      "1": 0.6721311475409836,
      "3": 0.6721311475409836,
      "5": 0.8852459016393442
    },
    "mrr": 0.7224439334371833
  },
  "ensemble_only": {
    "hit_rate": {
      "1": 0.6721311475409836,
      "3": 0.9344262295081968,
      "5": 0.9672131147540983
    },
    "mrr": 0.8072404371584699
  },
  "ensemble_rerank": {
    "hit_rate": {
      "1": 0.6065573770491803,
      "3": 0.9344262295081968,
      "5": 0.9508196721311475
    },
    "mrr": 0.7527322404371585
  }
}