{
  "bm25_only": {
    "hit_rate": {
      "1": 0.4126984126984127,
      "3": 0.6984126984126984,
      "5": 0.9682539682539683
    },
    "mrr": 0.598740236835475
  },
  "vector_only": {
    "hit_rate": {
      "1": 0.6507936507936508,
      "3": 0.8412698412698413,
      "5": 0.9047619047619048
    },
    "mrr": 0.7369881285847673
  },
  "ensemble_only": {
    "hit_rate": {
      "1": 0.6507936507936508,
      "3": 0.9047619047619048,
      "5": 0.9682539682539683
    },
    "mrr": 0.7864959114959115
  },
  "ensemble_rerank": {
    "hit_rate": {
      "1": 0.7936507936507936,
      "3": 0.9365079365079365,
      "5": 1.0
    },
    "mrr": 0.8748677248677249
  }
}